Emails,Mentor name,Mentee 1 name,Mentee 2 name
"michelle.mh.lee92@gmail.com,  erickim195@gmail.com",Michelle Lee,Eric Kim,
"albertkaiyip@gmail.com, klazarev2000@gmail.com",Albert Yip,Kirill Lazarev,
"chad.loro.cl@gmail.com, jinxuan2000@gmail.com",Chad Loro,Jinxuan Lin,
"aliceykim0828@gmail.com, wuchenyuan2000@gmail.com",Alice Kim,Chenyuan Wu,
"jasonyoo0116@gmail.com, aymendirar@gmail.com",Jason Yoo,Aymen Dirar,
"nami5504@gmail.com, ehmadison10@gmail.com",Johnathan Wong,Madison Hung,
"jenniferleung100@gmail.com, yangybio@gmail.com",Jennifer Leung,Yang Yang,
"seraphinus.hong@gmail.com, mike.tuntang547@gmail.com",Seraphinus Hong,Michael Tuntang,
"jennifer6047@gmail.com, rtkushner@gmail.com",Jennifer Lee,Artem,