Emails,Mentor name,Mentee 1 name,Mentee 2 name
"david0112chen@gmail.com, alexhan0324@gmail.com, neelim98@gmail.com",David Chen,Alex Han,Ahmed Neelim Novo
"kfdeane@gmail.com, kathrinapillay@gmail.com, carriewu2000@hotmail.com",Kara Deane,Kathrina Pillay,Carrie Wu
"emsal1863@gmail.com, ryanlazenby77@gmail.com, daisy88129@gmail.com",Emmanuel Sales,Ryan Lazenby,Daisy Ma
"andreapark@alumni.ubc.ca, zhangxiyu100@gmail.com, helinlee2010@gmail.com",Andrea Park,Sara Zhang,Helin Li
"rzhang404@gmail.com, j.zhao2k19@gmail.com, kristen.foong@gmail.com",Ray Zhang,Jacky Zhao,Kristen Foong
"jyoo980@gmail.com, philipzhang0@gmail.com, matt0410@students.cs.ubc.ca",James Yoo,Philip Zhang,Matthew Kang
"jeong7496@gmail.com, yifu.chen@alumni.ubc.ca, jink8036@gmail.com",Jason Doo,Yifu (Charles) Chen,Young Jin Kim